title,description,skills,courses,course_links
Data Scientist,"Data Scientist job description: Responsibilities include analyzing large datasets, developing predictive models, and communicating insights. Experience with machine learning algorithms and programming languages such as Python and R is required. The role often involves working closely with stakeholders to identify opportunities for leveraging data-driven solutions to improve business outcomes and inform decision-making processes.","Python, R, Machine Learning, Data Analysis","The Data Science Course: Complete Data Science Bootcamp 2024","https://www.udemy.com/share/101W9c3@G6vqjdLBH85wooXRllxtSKoT5JMdUYRPI3nD498tsSN6aB8YER70bbzsoovKuzT_mw==/"
Software Engineer,"Software Engineer job description: Responsibilities include designing and developing software applications, writing clean and efficient code, and collaborating with cross-functional teams. Proficiency in programming languages such as Java, JavaScript, and C++ is required. Software engineers are often involved in the entire software development lifecycle, from initial concept to deployment and maintenance.","Java, JavaScript, C++, Software Development","Java Programming Masterclass for Software Developers, Full Stack Web Developer Nanodegree by Udacity","https://www.udemy.com/course/java-the-complete-java-developer-course/?couponCode=LETSLEARNNOWPP, https://www.udacity.com/course/full-stack-web-developer-nanodegree--nd0044"
Web Developer,"Web Developer job description: Responsibilities include designing and building websites, optimizing web applications for maximum speed and scalability, and collaborating with graphic designers for web design features. Proficiency in HTML, CSS, JavaScript, and responsive design is required. Web developers often work closely with clients or internal teams to understand project requirements and deliver user-friendly web experiences.","HTML, CSS, JavaScript, Web Development","The Complete Web Developer Course 2.0, Responsive Web Design Fundamentals by Google on Udacity","https://www.youtube.com/playlist?list=PLDqTJV5DSRppmC3-XNaOzf0mOdtljIPqd, https://www.udacity.com/course/responsive-web-design-fundamentals--ud893"
Data Analyst,"Data Analyst job description: Responsibilities include interpreting data, analyzing results, and providing insights to improve business performance. Proficiency in SQL, Excel, and data visualization tools is required. Data analysts often collaborate with various departments within an organization to gather data requirements and deliver actionable insights through reports and presentations.","SQL, Excel, Data Analysis","SQL for Data Science: SQL Database Programming using SQL and Python, Data Visualization with Python by Rice University on Coursera","https://www.snowflake.com/guides/python-and-sql-data-science, https://www.coursera.org/learn/data-visualization-python"
Machine Learning Engineer,"Machine Learning Engineer job description: Responsibilities include designing and implementing machine learning algorithms and models, tuning their performance, and deploying them into production systems. Strong skills in programming languages such as Python or R, and knowledge of machine learning frameworks like TensorFlow or PyTorch are required. Machine learning engineers work closely with data scientists and software engineers to integrate machine learning solutions into applications.","Python, R, Machine Learning, TensorFlow, PyTorch","Machine Learning by Andrew Ng on Coursera, Deep Learning Specialization by DeepLearning.AI on Coursera","https://www.coursera.org/collections/machine-learning, https://www.coursera.org/specializations/deep-learning"
Cybersecurity Analyst,"Cybersecurity Analyst job description: Responsibilities include monitoring security access, conducting security assessments, and investigating security breaches. Proficiency in cybersecurity tools, knowledge of networking protocols, and understanding of security best practices are required. Cybersecurity analysts often collaborate with IT teams to implement security measures and mitigate risks.","Cybersecurity, Networking, Security Assessments","Introduction to Cyber Security by New York University on Coursera, Cybersecurity Specialization by University of Maryland on Coursera","https://www.coursera.org/specializations/intro-cyber-security, https://www.coursera.org/learn/cybersecurity-for-everyone"
UX/UI Designer,"UX/UI Designer job description: Responsibilities include creating user-friendly interfaces, conducting user research, and iterating designs based on feedback. Proficiency in design tools such as Adobe XD or Sketch, as well as knowledge of usability principles and design patterns, is required. UX/UI designers collaborate closely with product managers and developers to create cohesive user experiences.","UX Design, UI Design, Prototyping, User Research","UI / UX Design Specialization by California Institute of the Arts on Coursera, Design Thinking for Innovation by University of Virginia on Coursera","https://www.coursera.org/specializations/ui-ux-design, https://www.coursera.org/learn/uva-darden-design-thinking-innovation"
Business Analyst,"Business Analyst job description: Responsibilities include gathering and analyzing business requirements, identifying opportunities for process improvement, and recommending solutions to enhance organizational effectiveness. Proficiency in data analysis, problem-solving, and communication skills is required. Business analysts collaborate with stakeholders from various departments to align business objectives with technology solutions.","Business Analysis, Data Analysis, Communication","Business Analytics by University of Pennsylvania on Coursera, Excel Skills for Business by Macquarie University on Coursera","https://www.coursera.org/specializations/business-analytics, https://www.coursera.org/specializations/excel"
Project Manager,"Project Manager job description: Responsibilities include planning, executing, and closing projects, managing resources, budgets, and timelines, and ensuring project objectives are met. Strong organizational, leadership, and communication skills are required. Project managers work closely with cross-functional teams to deliver projects on time and within budget.","Project Management, Leadership, Communication","Project Management Professional (PMP) Certification Preparation by University of Washington on Coursera, Agile Project Management by University of Maryland on Coursera","https://www.coursera.org/professional-certificates/google-project-management, https://www.coursera.org/learn/agile-project-management?isNewUser=true"
Digital Marketing Specialist,"Digital Marketing Specialist job description: Responsibilities include developing and implementing digital marketing strategies, managing online campaigns, and analyzing campaign performance. Proficiency in digital marketing tools, SEO, SEM, and analytics platforms is required. Digital marketing specialists collaborate with marketing teams to drive online engagement and brand awareness.","Digital Marketing, SEO, SEM, Analytics","Digital Marketing Specialization by University of Illinois on Coursera, Google Analytics for Beginners by Google on Coursera","https://www.coursera.org/specializations/digital-marketing, https://www.coursera.org/professional-certificates/google-data-analytics"
Data Engineer,"Data Engineer job description: Responsibilities include designing, constructing, and maintaining scalable data pipelines and architectures for large-scale data processing and analytics. Proficiency in big data technologies such as Hadoop, Spark, and distributed systems is required. Data engineers work closely with data scientists and analysts to ensure data availability and reliability for analysis and reporting.","Big Data, Hadoop, Spark, Distributed Systems","Big Data Specialization by University of California, San Diego on Coursera, Apache Spark with Scala by Rock the JVM on Udemy","https://www.coursera.org/specializations/big-data, https://www.udemy.com/course/spark-streaming/?couponCode=LETSLEARNNOWPP"
Cloud Solutions Architect,"Cloud Solutions Architect job description: Responsibilities include designing and implementing cloud-based solutions, selecting appropriate cloud services, and optimizing the architecture for performance, cost, and scalability. Proficiency in cloud platforms such as AWS, Azure, or Google Cloud is required. Cloud solutions architects work closely with development teams to ensure cloud applications meet business requirements and best practices.","Cloud Computing, AWS, Azure, Google Cloud","AWS Certified Solutions Architect - Associate by Amazon Web Services on Coursera, Google Cloud Platform Fundamentals: Core Infrastructure by Google on Coursera","https://www.coursera.org/learn/aws-certified-solutions-architect-associate, https://www.coursera.org/learn/gcp-fundamentals"
Blockchain Developer,"Blockchain Developer job description: Responsibilities include designing and implementing decentralized applications (dApps), developing smart contracts, and integrating blockchain technology into existing systems. Proficiency in blockchain platforms such as Ethereum, Solidity, and web3.js is required. Blockchain developers collaborate with stakeholders to identify use cases and implement blockchain solutions.","Blockchain, Ethereum, Smart Contracts, dApps","Blockchain Specialization by University at Buffalo on Coursera, Ethereum and Solidity: The Complete Developer's Guide by Stephen Grider on Udemy","https://www.coursera.org/specializations/blockchain, https://www.udemy.com/course/ethereum-and-solidity-the-complete-developers-guide/?couponCode=LETSLEARNNOWPP"
DevOps Engineer,"DevOps Engineer job description: Responsibilities include automating and streamlining software development and operations processes, managing infrastructure as code, and implementing continuous integration and deployment pipelines. Proficiency in tools such as Docker, Kubernetes, and Jenkins is required. DevOps engineers collaborate with development and operations teams to improve efficiency and reliability.","DevOps, Docker, Kubernetes, CI/CD","Docker Mastery: with Kubernetes +Swarm from a Docker Captain by Bret Fisher on Udemy, From Zero To Hero: Become a DevOps Jenkins Master by Level Up, Ramon Nastase on Udemy","https://www.udemy.com/course/docker-mastery/?couponCode=LETSLEARNNOWPP, https://www.udemy.com/course/jenkins-from-zero-to-hero/?couponCode=LETSLEARNNOWPP"
AI Ethicist,"AI Ethicist job description: Responsibilities include ensuring that artificial intelligence technologies and applications are developed and used ethically and responsibly. Proficiency in ethics, law, and understanding of AI technologies is required. AI ethicists collaborate with AI developers, policymakers, and stakeholders to address ethical concerns and develop guidelines for AI use.","Ethics, AI","AI Ethics and Society by Stanford University on Coursera, Ethics and Governance of AI by University of Helsinki on Coursera","https://www.coursera.org/learn/ai-ethics, https://www.coursera.org/learn/ethics-of-artificial-intelligence"
Quantum Computing Specialist,"Quantum Computing Specialist job description: Responsibilities include researching and developing quantum algorithms, implementing quantum circuits, and analyzing quantum data. Proficiency in quantum programming languages such as Qiskit or Cirq, as well as knowledge of quantum computing principles, is required. Quantum computing specialists collaborate with physicists, mathematicians, and computer scientists to advance quantum computing technologies.","Quantum Computing, Qiskit, Cirq","Quantum Computing for Everyone by The Coding School on Coursera, Quantum Machine Learning by University of Toronto on Coursera","https://www.coursera.org/courses?query=quantum%20computing, https://www.coursera.org/articles/quantum-machine-learning"
Augmented Reality (AR) Developer,"Augmented Reality (AR) Developer job description: Responsibilities include developing AR applications, integrating virtual elements into real-world environments, and optimizing user experiences for AR platforms. Proficiency in AR development frameworks such as ARKit or ARCore, as well as knowledge of computer vision and 3D graphics, is required. AR developers collaborate with designers and engineers to create immersive AR experiences.","Augmented Reality, ARKit, ARCore, Computer Vision","Introduction to Augmented Reality and ARCore by Google on Coursera, ARKit and Unity: Build AR Augmented Reality apps with Swift on Udemy","https://www.coursera.org/learn/ar, https://www.udemy.com/course/ios-augmented-reality-the-complete-course-on-arkit/?couponCode=LETSLEARNNOWPP"
Chief Technology Officer (CTO),"Chief Technology Officer (CTO) job description: Responsibilities include setting the company's technical vision, overseeing product development, and implementing technology strategies to align with business goals. Strong leadership, strategic planning, and technical expertise across various domains are required. CTOs collaborate with executives, engineers, and other stakeholders to drive innovation and growth.","Leadership, Strategic Planning, Technical Expertise","Strategic Technology Management by Copenhagen Business School on Coursera, Leading Digital Transformation and Innovation by INSEAD on Coursera","https://www.coursera.org/specializations/technology-management, https://www.coursera.org/insead"
Computer Vision Engineer,"Computer Vision Engineer job description: Responsibilities include developing algorithms for image and video analysis, implementing object detection and recognition systems, and optimizing computer vision models for real-world applications. Proficiency in programming languages such as Python and experience with deep learning frameworks like TensorFlow or OpenCV is required. Computer vision engineers collaborate with researchers and software engineers to deploy computer vision solutions.","Computer Vision, Image Processing, Deep Learning","Deep Learning for Computer Vision by Stanford University on Coursera, Computer Vision by Georgia Institute of Technology on Udacity","https://www.coursera.org/specializations/deep-learning-computer-vision, https://www.udacity.com/course/computer-vision-basics--ud810"
Bioinformatics Scientist,"Bioinformatics Scientist job description: Responsibilities include analyzing biological data, developing computational algorithms for genomics research, and interpreting genetic information. Proficiency in programming languages such as Python or R, as well as knowledge of bioinformatics tools and databases, is required. Bioinformatics scientists collaborate with biologists and medical researchers to advance understanding in genetics and personalized medicine.","Bioinformatics, Genomics, Computational Biology","Bioinformatics Specialization by University of California, San Diego on Coursera, Genomic Data Science Specialization by Johns Hopkins University on Coursera","https://www.coursera.org/specializations/bioinformatics, https://www.coursera.org/specializations/genomic-data-science"
